train_number,name
10103,MANDOVI EXPRESS
10104,MANDOVI EXPRESS
11007,DECCAN EXPRESS
11008,DECCAN EXPRESS
11009,SINHAGAD EXP
11010,SINHAGAD EXP
11029,KOYNA EXPRESS
11030,KOYNA EXPRESS
11401,NANDIGRAM  EXP
11402,NANDIGRAM  EXP
12051,JAN SHATABDI EX
12052,JAN SHATABDI EX
12071,JAN SHATABDI EXP
12072,JANSHATABDI EXP
12105,VIDARBHA EXPRESS
12106,VIDARBHA EXPRES
12109,PANCHAVATI EXP
12110,PANCHAVTI EXP
12111,CSMT AMI EXPRESS
12112,AMI CSMT EXPRESS
12115,SIDDHESHWAR EXP
12116,SIDDHESWAR EXP
12123,DECCAN QUEEN
12124,DECCAN QUEEN
12125,PRAGATI EXPRESS
12126,PRAGATI EXPRESS
12127,INTERCITY EXP
12128,INTERCITY EXP
12139,SEVAGRAM EXP
12140,SEVAGRAM EXP
12187,MUMBAI GARIBRATH
12188,JBP GARIB RATH
12261,HOWRAH DURONTO
12262,HWH CSTM DURONTO
12321,HWH MUMBAI MAIL
12322,KOLKATA MAIL
12533,PUSHPAK EXP
12534,PUSHPAK EXPRESS
12701,HUSAINSAGAR EXP
12702,HUSSAINSAGAR EX
12809,HOWRAH MAIL
12810,HWH MUMBAI MAIL
12859,GITANJALI EXP
12860,GITANJALI EXP
12869,CSMT HOWRAH EXP
12870,HWH CSMT EXPRES
16331,TRIVANDRAM EXP
16332,MUMBAI EXPRESS
16339,NAGARCOIL EXP
16340,MUMBAI EXPRESS
16351,NAGARCOIL EXP
16352,NCJ MUMBAI EXP
17057,DEVAGIRI EXP
17058,DEVAGIRI EXP
17617,TAPOVAN EXPRESS
17618,TAPOVAN EXP
11003,TUTARI EXPRESS
11004,TUTARI EXPRESS
11027,CHENNAI MAIL
11028,MUMBAI MAIL
11035,SHARAVATHI EXP
11036,SHARAVATI  EXP
11041,CSMT CHENNAI EX
11042,MUMBAI EXPRESS
12131,DR SAINAGAR EXP
12132,SAINAGAR DR EXP
11013,COIMBATORE EXP
11014,LOKMANYA TT EXP
11055,GODAN EXPRESS
11056,GODAN EXPRESS
11059,CHHAPRA EXPRESS
11060,CPR LTT EXPRESS
11061,DARBHANGA EXP
11062,DBG LTT EXPRESS
12107,LUCKNOW SUP EXP
12141,LTT PPTA EXPRESS
12142,PPTA LTT EXP
12162,LASHKAR EXPRESS
12165,LTT BSB SUP EXP
12166,BSB LTT SUP EXP
12201,KCVL GARIB RATH
12202,LTT GARIB RATH
12335,BGP LTT EXPRESS
12519,LTT KYQ AC EXP
12520,KYQ LTT AC EXP
12619,MATSYAGANDHA EXP
12620,MATSYAGANDA EXP
12811,HATIA EXPRESS
12812,HTE LTT SUPER
12879,LTT BBS SUP EXP
12880,BBS LTT SF EXP
13201,RJPB LTT EXP
14314,BE LTT EXPRESS
15017,GORAKHPUR EXP
15018,GKP LTT EXP
15648,GHY LTT EXPRESS
16345,NETRAVATI EXP
16346,NETRAVATHI EXP
18029,LTT SHALIMAR EX
18030,SHM LTT EXPRESS
11025,BSL PUNE EXP
11026,PUNE BSL EXP
12218,KERLA S KRANTI
12283,ERS NZM DURONTO
12284,NZM ERS DURONTO
12431,RAJDHANI EXP
12432,TRIVNDRM RJDHNI
12449,GOA SMPRK K EXP
12450,GOA SMPRK K EXP
12617,MANGALA LDWEEP
12741,VSG PATNA EXP
12742,PNBE VSG EXPRES
12977,MARU SAGAR EXP
12978,MARU SAGAR EXP
16311,SGNR KCVL EXP
16312,KCVL SGNR EXP
16333,VRL TVC EXPRESS
16334,VERAVAL EXPRESS
16335,NAGERCOIL EXP
16336,GANDHIDHAM EXP
16337,OKHA ERS EXP
16338,OKHA EXPRESS
17613,PNVL NANDED EXP
17614,NED PNVL EXP
19259,KCVL BVC EXPRESS
19260,BVC KCVL EXP
50103,RATNAGIRI PASS
50104,RN DADAR PASS
12223,LTT ERS DURONTO
12224,ERS LTT DURONTO
10215,MADGAON ERS EXP
10216,MADGAON EXPRESS
11097,POORNA EXPRESS
11098,POORNA EXPRESS
12779,GOA EXPRESS
12780,GOA EXPRESS
17309,YPR VASCO EXP
17310,YPR BIWEEKLY EX
17315,VELANKANNI EXP
17316,VLNK VSG EXP
18047,AMARAVATHI EXP
18048,VSG HOWRAH EXP
16515,YPR KAWR EXPRES
16516,KAWR YPR EXP
12601,MANGALORE MAIL
12602,CHENNAI MAIL
12685,MANGALORE EXP
12686,CHENNAI EXP
16347,MANGALORE EXP
16348,TRIVANDRUM EXP
16603,MAVELI EXPRESS
16604,MAVELI EXPRESS
16605,ERNAD EXPRESS
16606,ERNAD EXPRESS
16610,NAGERCOIL EXP
16629,MALABAR EXP
16630,MALABAR EXPRESS
16649,PARASURAM EXP
16650,PARASURAM EXP
22609,INTERCITY EXP
22610,INTERCITY EXP
12081,JAN SHATABDI
12082,JAN SHATABDI
16305,CANNANORE EXP
16306,ERNAKULAM EXP
16307,CANNANORE EXP
16308,ALLEPPEY EXP
16527,YPR CANNANORE EX
16528,YESVANTPUR EXP
16609,COIMBATORE EXP
12075,JAN SHATABDI
12076,JAN SHATABDI
16301,VENAD EXPRESS
16302,VENAD EXPRESS
16349,RAJYA RANI EXP
16350,RAJYA RANI EXP
17229,SABARI EXPRESS
17230,SABARI EXP
12257,KOCHUVELI GR
12258,YESVANTPUR EXP
12507,ARONAI EXPRESS
12508,ARONAI EXPRESS
12623,TRIVANDRUM MAIL
12624,CHENNAI MAIL
12625,KERALA EXPRESS
12626,KERALA EXPRESS
12645,NIZAMUDDIN EXP
12659,GURUDEV EXPRESS
12660,GURUDEV EXPRESS
12677,ERNAKULAM EXP
12678,BANGALORE EXP
12695,TRIVANDRUM EXP
12696,TVC CHENNAI EXP
12697,TRIVANDRUM EXP
12698,TVC CHENNAI EXP
12777,KOCHUVELI EXP
12778,HUBLI EXP
13351,DHN ALAPPUZHA E
13352,DHANBAD EXPRESS
16127,MS GURUVAYUR EX
16128,GUV CHENNAI EXP
16315,KOCHUVELI EXP
16316,BANGALORE EXP
16341,TRIVANDRUM EXP
16342,GURUVAYUR EXP
16343,AMRITHA EXPRESS
16344,AMRITHA EXPRESS
16381,KANYAKUMARI EXP
16382,CAPE MUMBAI EXP
16525,BANGALORE EXP
16526,KANYAKUMARI EXP
22815,BSP ERS S F EXP
22816,ERS BILASPUR EXP
16303,VANCHINAD EXP
16304,VANCHINAD EXP
11049,KOLHAPUR EXPRESS
11050,AHMEDABAD EXP
11087,VERAVAL PUNE EXP
11088,PUNE VERAVAL EXP
11089,BGKTPUNE EXPRESS
11090,PUNE BGKT EXP
11091,BHUJ PUNE EXP
11092,PUNE BHUJ EXP
12101,JNANESWARI DELX
12102,JNANESWARISUPDLX
12145,LTT PURI EXPRESS
12146,PURI LTT SUP EXP
12151,SAMARSATA EXP
12152,SAMARSATA EXP
12167,LTT MUV EXPRESS
12168,BSB LTT SUP EXP
12336,BHAGALPUR EXP
12493,DARSHAN EXPRESS
12494,DARSHAN EXPRESS
12939,PUNE JAIPUR EXP
13202,LTT RJPB EXP
15647,GUWAHATI EXPRES
16209,AII MYS EXPRESS
16210,AJMER EXPRESS
16505,GIMB SBC EXPRESS
16506,GANDHIDHAM EXP
16507,JU SBC EXP
16508,JODHPUR EXPRESS
16531,SBC GARIB NAWAJ
16532,GARIB NAWAZ EXP
16533,JU SBC EXPRESS
16534,SBC JODHPUR EXP
16613,COIMBATORE EXP
16614,RAJKOT EXPRESS
18609,RNC LTT EXPRESS
18610,RANCHI EXPRESS
19567,VIVEK EXP
19568,VIVEK EXPRESS
11033,DARBHANGA EXP
11034,DBG PUNE EXP
11037,PUNE GKP  EXP
11038,GKP PUNE EXPRESS
11039,MAHARASHTRA EXP
11040,MAHARASHTRA EXP
12025,SHATABDI EXP
12026,PUNE SHATABDI
12113,NAGPUR GARIBRATH
12114,PUNE GARIBRATH
12129,AZAD HIND EXP
12130,AZAD HIND EXP
12135,PUNE NAGPUR EXP
12136,NAGPUR PUNE EXP
12149,PUNE DANAPUR EXP
12150,DNR PUNE EXP
12157,HUTATMA EXPRESS
12158,HUTATMA EXPRESS
12169,SUR INTERCITY
12170,PUNE INTERCITY
12219,SC DURONTO EXP
12220,DURONTO AC EXP
12221,HOWRAH DURONTO
12222,HWH PUNE DURONTO
12263,NZM DURONTO EXP
12264,PUNE DURONTO EXP
12849,BSP PUNE SUP EX
12850,PA BILASPUR EXP
22131,GYAN GANGA EXP
22132,GYAN GANGA SF
22845,PUNE HATIA EXP
22846,HTE PUNE EXP
11045,DIKSHABHOOMI EXP
11046,DIKSHABHUMI EXP
11403,NGP KOP EXPRESS
11404,KOP NAGPUR EXP
12627,KARNATAKA EXP
12628,KARNATAKA EXP
17013,PUNE HYB EXPRESS
17014,HYB PUNE EXP
16535,GOLGUMBAZ EXP
16536,GOLGUMBAZ EXP
17307,BASAVA EXPRESS
17308,BASAVA EXPRESS
22601,SHIRDI EXPRESS
22602,SNSI CHENNAI EXP
16593,NED SBC EXP
16594,SBC NANDED EXP
12591,GKP YPR EXPRESS
12731,TPTY SC EXP
12732,SC TPTY SUP EXP
12213,DURONTO EXPRESS
12649,SAMPARK KRANTI
12650,KTK SMPRK K EXP
16591,HAMPI EXPRESS
16592,HAMPI EXP
17225,AMARAVATHI EXP
17226,AMARAVATI EXP
17603,KCG YPR EXP
18463,PRASANTHI EXP
18464,PRASANTHI EXP
12193,YPR JBP EXP
12194,PBH BPL SF EXP
12251,WAINGANGA EXP
12252,WAINGANGA EXP
12647,KONGU EXPRESS
12785,BANGALORE EXP
12786,KACHEGUDA EXP
15023,GKP YPR EXP
17211,KONDAVEEDU EXP
17212,KONDAVEEDU EXP
12691,SSPN EXPRESS
12692,CHENNAI EXPRESS
12609,MYSURU EXP
12657,BANGALORE MAIL
16231,MYSORE EXPRESS
12027,SHATABDI EXP
12028,SHATABDI EXP
12607,LALBAGH EXPRESS
12608,LALBAGH EXP
12610,CHENNAI EXPRESS
12639,BRINDAVAN EXP
12640,BRINDAVAN EXP
12658,CHENNAI MAIL
16232,MAILADUTURAI EXP
22681,CHENNAI EXPRESS
22682,MYSORE EXPRESS
12007,SHATABDI EXP
12008,SHATABDI EXP
12079,JANSHATABDI EXP
12080,JAN SHATABDI EXP
12613,TIPPU EXPRESS
12614,TIPPU EXPRESS
12725,INTERCITY EXP
12726,INTERCITY EXP
16215,CHAMUNDI EXP
16216,CHAMUNDI EXPRES
16227,TALGUPPA EXP
16228,BANGALORE EXP
16589,RANI CHENNAMMA
16590,RANICHENNAMA EX
12243,SHATABDI EXP
12244,SHATABDI EXP
12515,GUWAHATI EXP
12516,SCL TVC EXPRESS
12671,NILAGIRI EXP
12672,NILAGIRI EXP
12673,CHERAN EXPRESS
12674,CHERAN EXPRESS
12675,KOVAI EXPRESS
12676,KOVAI EXP
12679,COIMBATORE EXP
12680,CHENNAI EXPRESS
12681,COIMBATORE EXP
12682,CHENNAI EXP
12689,NAGERCOIL EXP
12690,NCJ CHENNAI EXP
12969,CBE JAIPUR EXP
12970,JP CBE SUP EXP
16733,RMM OKHA EXPRES
16734,RAMESWARAM EXP
12083,JAN SHATABDI EX
12084,JAN SHATABDI EXP
12655,NAVJEEVAN EXP
12656,NAVAJIVAN EXP
12833,HOWRAH EXPRESS
12834,HWH ADI EXPRESS
12843,PURI  ADI EXP
12844,ADI PURI EXP
12905,PBR HOWRAH EXP
12906,HWH PBR  OKHAEXP
12949,KAVIGURU EXPRESS
12950,PBR KAVIGURU EXP
12993,GIMB PURI EXP
12994,PURI GIMB  EXP
19005,SAURASHTRA MAIL
19006,SAURASHTRA MAIL
19051,SHRAMIK EXPRESS
19052,BL SHRAMIK EXP
17001,SNSI SC EXP
17002,SC SNSI EXP
17063,AJANTA EXPRESS
17064,AJANTA EXPRESS
17205,SNSI COA EXP
17206,COA SNSI EXP
17207,SNSI BZA EXP
17208,BZA SNSI EXP
17687,MARATHWADA PS EX
17688,MARATHWADA EXP
12486,SGNR NED EXPRESS
12719,JP HYB SF EXP
12720,HYB JP SUP EXP
12159,AMI JBP SUP EXP
12160,JBP AMI SUP EXP
12539,YPR LUCKNOW EXP
12540,LKO YPR SUP EXP
12621,TAMIL NADU EXP
12622,TAMIL NADU EXP
12669,GANGAKAVERI EXP
12670,GANGAKAVERI EXP
12752,JAT NED HUMSAFAR
12791,SC DNR EXPRESS
12792,SECUNDERABAD  EX
12807,SAMTA EXPRESS
12808,SAMTA EXPRESS
12923,INDB NAGPUR EXP
12924,NGP INDORE EXP
12967,JAIPUR EXP
12968,JP CHENNAI EXP
16032,ANDAMAN EXPRESS
16093,LUCKNOW EXP
17609,PNBE  PAU EXP
17610,PAU PNBE EXP
11265,AMBIKAPUR EXPRES
11266,ABKP JBP EXPRESS
11447,SHAKTIPUNJ EXP
11448,SHAKTIPUNJ EXP
12389,GAYA MS EXPRESS
12390,MS GAYA EXPRESS
12535,LJN R GARIBRATH
12536,LJN GARIBRATH
15159,SARNATH EXPRESS
15160,SARNATH EXPRESS
18201,DURG NTV EXP
18202,NTV DURG EXP
18203,BETWA EXPRESS
18204,BETWA EXPRESS
18205,DURG NTV EXP
18206,NTV DURG EXP
12427,REWA ANVT EXP
12428,ANVT REWA EXP
11107,BUNDELKHAND EXP
11108,BUNDELKHAND EXP
12235,HUMSAFAR EXP
12236,ANVT MDP HUMSFR
12275,NDLS DURONTO EXP
12276,ALD DURONTO EXP
12301,KOLKATA RAJDHNI
12302,KOLKATA RJDHNI
12305,KOLKATA RJDHNI
12306,KOLKATA  RJDHNI
12307,HWH JU  EXPRESS
12308,JU HWH SUPFAST
12309,RJPB RAJDHANI
12310,RJPB RAJDHANI
12311,HWH DLI KLK MAIL
12312,KALKA MAIL
12323,HWH ANVT EXPRESS
12324,ANVT  HWH EXP
12381,POORVA EXPRESS
12382,POORVA EXPRESS
12395,ZIYARAT EXPRESS
12396,ZIYARAT EXPRESS
12397,MAHABODHI EXP
12398,MAHABODHI EXP
12403,ALD JP EXPRESS
12404,JP  ALD EXPRESS
12417,PRAYAG RAJ EXP
12418,PRAYAG RAJ EXP
12453,RNC NDLS RAJ EXP
12454,NDLS RNC RJDHNI
12487,SEEMANCHAL EXP
12488,SEEMANCHAL EXP
12495,BKN KOAA SUP EX
12496,PRATAP EXPRESS
12505,NORTH EAST EXP
12506,NORTH EAST EXP
12559,SHIV GANGA EXP
12560,SHIV GANGA EXP
12561,SWATANTRA S EXP
12562,SWATANTRTA S EXP
12581,MUV NDLS S F EXP
12582,NDLS MUV SF EXP
12801,PURUSHOTTAM EXP
12802,PURSHOTTAM EXP
12815,NANDAN KANAN EXP
12816,NANDAN KANAN EX
12817,JHARKHAND SJ EXP
12818,JHARKHAND EXPRE
12873,JHARKHAND S J EX
12874,JHARKHAND EXP
12877,RNC GARIB RATH
12878,NDLS RNC G RATH
12947,AZIMABAD EXPRESS
12948,AZIMABAD EXPRESS
12987,SDAH AJMER EXP
12988,AII SDAH EXPRES
14005,LICHCHAVI EXP
14006,LICHCHAVI EXP
14037,DLI PTK EXP
14038,PTK DLI EXP
14115,ALD HW EXP
14116,HW ALD EXP
14163,SANGAM EXPRESS
14164,SANGAM EXP
15003,CHAURICHAURAEXP
15004,CHAURICHAURAEXP
15632,GHY BME BKN EXP
15657,KANCHANJANGA EXP
15658,KANCHANJUNGA EXP
22409,ANVT GARIB RATH
22410,SSM GARIB RATH
22811,BBS RAJDHANI EXP
22812,BUBNESWR RJDHNI
22823,BBS RAJDHANI EXP
22824,BUBNESWR RJDHNI
12537,MANDUADIH EXP
12538,MUV MFP EXPRESS
15103,MUV INTERCITY
15104,GKP INTERCITY
18311,SBP BSB EXPRESS
18312,BSB SBP EXPRESS
18611,RNC BSB EXPRESS
18612,BSB RNC EXPRESS
12237,BEGAMPURA EXP
12238,BEGAMPURA EXP
12317,AKAL TAKHT EXP
12318,AKAL TAKHAT EXP
12331,HIMGIRI EXPRESS
12332,HIMGIRI EXPRESS
12355,ARCHNA EXPRESS
12356,ARCHANA EXPRESS
12357,DURGIANA EXP
12358,ASR KOAA SUP EXP
12370,HW HWH S F EXP
12391,SHRAMJEEVI EXP
12392,SHRAMJEVI N EXP
12875,NEELACHAL EXP
12876,NEELACHAL EXP
13005,AMRITSAR MAIL
13006,ASR HWH MAIL
13009,DOON EXPRESS
13010,DOON EXPRESS
13237,PNBE KOTA EXP
13238,KOTA PNBE EXP
13239,PNBE KOTA EXP
13240,KOTA PNBE EXP
13345,SGRL INTERCITY
13346,BSB INTERCITY EX
13413,FARAKKA EXPRESS
13414,FARKKA EXPRESS
13483,FARAKKA EXPRESS
13484,FARAKKA EXPRESS
14003,MLDT NDLS EXPRES
14004,NDLS MLDT EXP
14007,SADBHAVANA EXP
14008,SADHBHAWNA EXP
14015,SADBHAVANA EXP
14016,SADHBHAWNA EXP
14017,SADBHAVANA EXP
14018,SADBHAVNA EXP
14203,BSB LKO INTRCITY
14204,LKO BSB INTRCITY
14213,BSB GD INTERCITY
14214,GD BSB INTERCITY
14235,BSB BE EXPRESS
14236,BE BSB EXPRESS
14259,RMM VARANASI EXP
14260,EKATMATA EXPRESS
14523,HARIHARNATH EXP
14524,HARIHARNATH EXP
14853,MARUDHAR EXPRES
14854,MARUDHAR EXPRES
14863,MARUDHAR EXPRES
14864,MARUDHAR EXPRES
14865,MARUDHAR EXPRES
14866,MARUDHAR EXPRES
15021,SHM GKP EXPRESS
15022,GKP SHM EXPRESS
15667,KAMAKHYA EXPRESS
15668,KYQ GIMB EXPRESS
18103,JALIANWALA B EXP
18104,JALIANWALA B EX
19321,INDB RJPB EXP
15007,BCY  LJN EXPRESS
15008,LJN  BCY  EXP
13105,SDAH BUI EXPRES
13106,BUI SDAH EXP
13509,ASN GD EXPRESS
13510,GD ASN EXPRESS
14649,SARYU YAMUNA EXP
14650,SARYUYAMUNA EXP
15049,KOAA  GKP  EXP
15050,GKP KOLKATA EXP
15715,GARIB NAWAJ EXP
15716,GARIB NAWAJ EXP
19166,SABARMATI EXP
11123,BJU GWL MAIL
11124,GWL BJU MAIL
12203,GARIB RATH EXP
12204,SHC GARIB RATH
12491,MOUR DHWAJ EXP
12492,MAUR DHAWAJ EXP
12523,NJP NDLS EXPRESS
12524,NDLS NJP SF EXP
12529,LJN NDLS RAJ
12530,LJN PPTA SF EXP
12553,VAISHALI EXP
12554,VAISHALI EXP
12565,BIHAR S KRANTI
12566,BIHAR S KRANTI
13019,BAGH EXPRESS
13020,BAGH EXPRESS
13507,ASN GKP EXPRESS
13508,GKP ASN EXPRESS
14673,SHAHEED EXPRESS
14674,SHAHEED EXP
15027,MAURYA EXP
15028,MAURYA EXPRESS
15047,PURBANCHAL EXP
15048,PURVANCHAL EXP
15097,AMARNATH EXP
15098,AMARNATH EXP
15105,GKP INTERCITY
15106,CPR INTERCITY
15203,BJU LJN EXP
15204,LJN BJU EXP
15279,POORBIYA EXP
15280,POORABIYA EXP
15651,LOHIT EXPRESS
15652,LOHIT EXPRESS
18181,TATA CPR EXP
18182,CPR TATA EXP
19601,UDZ NJP EXP
19602,NJP UDZ EXPRESS
13225,INTERCITY EXPRES
13226,INTERCITY EXPRES
12211,ANVT GARIB RATH
12212,MFP GARIB RATH
12557,SAPT KRANTI EXP
13021,MITHILA EXPRESS
13022,MITHILA EXPRESS
13157,TIRHUT EXPRESS
13158,TIRHUT EXPRESS
13419,JANASEWA EXPRES
13420,JANSEWA EXPRESS
15001,MFP DDN EXP
15002,DDN MFP EXP
15051,KOAA GKP EXP
15052,GKP KOLKATA EXP
15653,AMARNATH EXPRESS
15654,JAMMU GHY EXPRES
19269,PBR MOTIHARI EXP
19270,PBR EXPRESS
13155,MITHILANCHAL EXP
13156,MITHILANCHAL EX
13186,GANGA SAGAR EXP
15233,KOAA DBG EXP
15234,DBG KOAA EXPRESS
15235,HWH DBG EXPRESS
15236,DBG HWH EXPRESS
15283,JANKI EXPRESS
15284,JANKI EXPRESS
17005,HYB RXL EXPRESS
18105,ROU BBS INT EXP
18419,PURI JYG EXP
18420,JYG DBG PURI EX
17301,MYS DHARWAD EXP
17302,DWR MYSORE EXP
17311,MAS VASCO EXP
17312,VSG CHENNAI EXP
16205,MYSORE EXPRESS
16206,TALGUPPA EXP
12176,CHAMBAL EXPRESS
12448,U P SMPRK KRNTI
12531,LJN INTERCITY
12532,GKP INTERCITY
12555,GORAKDAM EXPRES
12556,GORAKDAM EXPRES
12571,ANVT HUMSAFAR
12572,GKP HUMSFAR
12587,AMAR NATH EXP
12588,JAMMU GKP EXP
14009,CHAMPRN SATYGRH
14010,CHAMPRN SATYGRH
15005,GKP DDN EXPRESS
15006,DDN GKP EXP
15009,GKP GTNR EXP
15010,STP GKP EXPRESS
15273,SATYAGRAH EXP
15274,SATYAGRAH EXP
17639,KCG AK EXP
17640,AK KCG EXP
12270,MAS DURONTO EXP
12442,BILASPUR RJDHNI
12611,NZM GARIB RATH
12707,A P SMPRK KRNTI
12708,AP SMPRK KRANTI
12723,TELANGANA  EXP
12724,TELANGANA EXP
12913,TRISHATABDI EXP
12914,TRISHATABDI EXP
12855,NAGPUR INTERCIT
12856,BSP INTERCITY
12069,JANSHATABDI EXP
12070,JANSHATABDI EXP
12852,BILASPUR EXPRESS
17405,KRISHNA EXPRESS
17406,KRISHNA EXP
12259,NDLS  DURONTO
12260,SDAH DURONTO EXP
12273,NDLS   DURONTO
12274,HWH DURONTO EXP
12281,BBS DURONTO EXP
12282,BBS DURONTO EXP
12313,SDAH RAJDHANIEXP
12314,SEALDAH RJDHANI
12319,KOAA AGC EXPRESS
12320,AGC KOAA EXP
12329,W B SMPRK KRNTI
12330,W B SMPRK KRNTI
12367,VIKRAMSHILA EXP
12368,VIKRAMSHILA EXP
12379,JALIANWALA B EXP
12380,JALIANWALA B EX
12393,S KRANTI SUP EX
12394,SAMPOORN K EXP
12819,ORISSA S KRANTI
12820,ORISSA S KRNTI
12825,JHRKHND S KRANTI
12826,JHRKHND S KRNTI
13243,PNBE DOS INTCIT
13244,DOS PNBE INTCIT
13347,PALAMOU EXPRESS
13348,PALAMOU EXP
12365,RNC JANSHATABDI
12366,PNBE JANSHATABDI
13023,HWH GAYA EXPRESS
13024,GAYA HWH EXPRESS
13329,GANGADAMODAR EX
13330,GANGADAMODAR EX
18623,IPR HATIA EXP
18624,HTE IPR EXP
12019,SHATABDI EXPRESS
12020,SHATABDI EXPRES
12339,COAL FIELD EXP
12340,COALFIELD EXP
13301,SUBARNAREKHA EXP
13302,SUBARNAREKHA EXP
13319,DGHR RNC EXP
13320,RNC DGHR EXP
13403,VANANCHAL EXP
13404,VANANCHAL EXP
15661,RNC  KYQ EXPRESS
15662,KYQ RNC EXPRESS
18621,PATLIPUTRA EXP
18622,PATLIPUTRA EXP
12215,DEE BDTS G RATH
12216,DEE GARIBRATH
12267,RJT DURONTO EXP
12268,MMCT DURONTO EXP
12475,HAPA SVDK EXP
12479,SURYA NAGRI EXP
12480,SURYANAGARI EXP
12489,BKN DDR SF EXP
12490,DDR BIKANER EXP
12901,GUJARAT MAIL
12902,GUJARAT MAIL
12915,ASHRAM EXPRESS
12916,ASHRAM EXPRESS
12917,GUJARAT SMPRK K
12918,GUJRAT S KRANTI
12933,KARNAVATI EXP
12934,KARNAVATI EXP
12957,SWARNA J RAJ EX
12958,ADI SJ RAJDHANI
12959,DADAR BHUJ EXP
12960,BHUJ DADAR EXP
12966,UDZ KURJ SUP
12971,BHAVNAGAR EXP
12972,BVC BDTS EXPRES
12989,AJMER EXPRESS
12990,AII DDR  EXPRESS
19223,ADI JAT EXPRESS
19224,JAT ADI EXPRESS
19309,GNC INDORE EXP
19310,INDORE GNC EXP
12227,INDORE DURONTO
12228,MUMBAI DURONTO
12239,JAIPUR DURONTO
12240,JP MMCT DURONTO
12903,GOLDENTEMPLE ML
12904,GOLDN TEMPLE ML
12907,BDTS SMPRK K EX
12908,MHRST SMPRK K EX
12909,NZM GARIB RATH
12910,BDTS GARIB RATH
12911,BL HARIDWAR EXP
12912,HW BL SUP EXP
12927,VADODARA EXP
12928,VADODARA EXP
12930,DAHOD BL SF EXP
12951,MUMBAI RAJDHANI
12952,MUMBAI RAJDHANI
12953,AUG KR RAJ EXP
12954,AG KRANTI RJDHN
12961,AVANTIKA EXP
12962,AVANTIKA EXP
12979,JAIPUR SUP FAST
12980,JP BDTS SUP EXP
12995,BDTS AII UDZ EX
12996,UDZ BDTS SF EXP
12921,FLYING RANEE
12922,FLYING RANEE
12935,BDTS SURAT EXP
12936,SURAT BDTS EXP
19565,UTTARANCHAL EXP
19566,UTTARANCHAL EXP
14311,ALA HAZRAT EXP
14312,ALA HAZRAT EXP
19108,JANMABHOOMI EXP
14801,JU INDB EXP
14802,INDB JU EXP
14321,BE BHUJ EXP
14322,BAREILLY EXPRESS
11125,RTM GWALIOR EXP
11126,GWL RTM EXPRESS
12001,NDLS SHATABDI
12002,BHOPAL SHTBDI
12155,BHOPAL  EXPRESS
12156,BHOPAL  EXPRESS
12197,GWL INTERCITY EX
12198,BPL INTERCITY
12279,TAJ EXPRESS
12280,TAJ EXPRESS
12549,DURG JAT SF EXP
12550,JAT DURG SF EXP
12919,MALWA EXPRESS
12920,MALWA EXPRESS
14309,UJJAINI EXPRESS
14310,UJJAIYANI EXP
14317,IND DDN EXPRESS
14318,DDN INDB EXP
18477,UTKAL EXPRESS
18478,KALINGAUTKALEXP
19325,IND AMRITSAR EXP
19326,ASR INDB EXPRESS
21125,INDORE BHIND EXP
21126,BIX RTM EXP
11109,JHS LJN  INT EXP
11110,LJN JHS INT EXP
12184,PBH BPL EXPRESS
12593,LJN BPL G RATH
12823,C G  SMPRK KRNTI
12824,CHTSGRH S KRNTI
14209,PRG LKO INTRCTY
14210,LKO PYG INTRCTY
14215,GANGA GOMTI EXP
14216,GANGA GOMTI EXP
14217,UNCHAHAR EXP
14218,UNCHAHAR EXP
14307,PRG BE EXPRESS
14308,BE LKO ALD PASS
14511,NAUCHANDI EXP
14512,NAUCHANDI EXP
12003,LJN SWRAN SHTBD
12004,LJN SWRAN SHTBD
12033,CNB NDLS SHT
12034,NDLS CNB SHT
12179,LJN AF INTERCITY
12180,LJN  INTERCITY
12209,KGM GARIB RATH
12210,CNB GARIB RATH
12419,GOMTI EXP
12420,GOMTI EXPRESS
12451,SHRAM SHKTI EXP
12452,SHRAM SHKTI EXP
12469,CNB JAT EXPRESS
12470,JAT CNB EXPRESS
14723,KALINDI EXPRESS
14724,KALINDI EXPRESS
12229,LUCKNOW MAIL
12230,LUCKNOW MAIL
12583,ANVT DOUBLE DKR
12584,LJN DOUBLE DKR
15011,LJN CDG EXPRESS
15012,CDG LJN EXPRESS
12231,LKO CDG EXPRESS
12232,CDG LKO EXPRESS
12429,LKO NDLS AC SF
12430,NDLS LKO AC SF
14013,SLN ANVT EXP
14014,SULTANPUR EXP
14205,FD DLI EXP
14206,DLI FD EXP
14207,PADMAVAT EXPRES
14208,PADMAVAT EXPRES
19711,JP BPL EXP
19712,BPL JAIPUR EXP
12466,INTERCITY EXP
12973,INDB JP EXPRESS
12974,JP INDB EXPRESS
19323,INTERCITY EXP
19324,INDB INTERCITY
18207,DURG AII EXP
18208,AII DURG EXP
18235,BILASPUR EX PAS
18236,BSP BPL PAS EXP
18241,DURG ABKP EX PAS
18242,ABKP DURG PAS EX
18631,RNC GARIBNWAZ EX
18632,RNC GARIB NAWAZ
18627,HWH RNC INT EXP
18628,RNC HWH INT EXP
12023,JANSHATABDI EXP
12024,JANSHATABDI EXP
12341,AGNIBINA EXPRES
12342,AGNIBINA EXPRES
12351,HWH-RJPB EXPRES
12352,RJPB HWH EXPRESS
12359,PNBE GARIB RATH
12360,KOL GARIB RATH
12383,INTERCITY  EXP
12384,INTERCITY  EXP
13287,SOUTH BIHAR EXP
13288,SOUTH BIHAR EXP
15629,NAGAON EXPRESS
15630,NAGAON EXPRESS
15639,PURI GHY EXPRESS
15929,DIBRUGARH EXP
15930,DBRG MS EXPRESS
18183,TATA  DNR EXP
18184,DNR TATA EXP
12337,SANTINIKATANEXP
12338,SANTINIKETANEXP
12344,DARJEELING MAIL
12345,SARAIGHAT EXP
12346,SARAIGHAT EXP
12347,RAMPURHAT EXP
12348,RAMPURHAT EXP
12363,KOAA HDB SUPF EX
12364,HDB KOAA SF EXP
12377,PADATIK EXPRESS
12378,PADATIK EXPRESS
13011,HWH MLDT INT EX
13012,MLDT HWH INT EXP
13015,KABIGURU EXPRESS
13016,KABIGURU EXPRESS
13017,GANADEVTA EXP
13018,GANADEVTA EXP
13027,KAVI GURU EXP
13028,KAVI GURU EXP
13053,HWH SURI EXP
13054,SURI HWH EXP
13071,HWH JMP EXPRESS
13072,JMP HWH EXP
13147,UTTAR BANGA EXP
13148,UTTAR BANGA EXP
13150,KANCHANKANYA EX
13153,GOUR EXPRESS
13154,GOUR EXP
13159,KOLKATA JBN EXP
13160,JBN KOLKATA EXP
13161,TEBHAGA  EXP
13162,TEBHAGA  EXP
13187,SDAH RPH EXP
13188,RPH SDAH EXP
12021,BBN JANSHATABDI
12022,BBN JANSHATABDI
12073,BBS JAN SHATABD
12074,BBS JAN SHATABDI
12277,SATABDI EXPRESS
12278,SATABDI EXPRESS
12663,HWH TPJ EXPRESS
12664,HOWRAH EXPRESS
12665,KANNYAKUMARI EXP
12666,CAPE HOWRAH EXP
12703,FALAKNUMA EXP
12704,FALAKNUMA EXP
12813,STEEL EXPRESS
12814,STEEL EXP
12827,HWH PRR EXP
12828,PRR HWH EXP
12837,HWH PURI EXP
12838,PURI HWH EXPRESS
12839,HWH MAS MAIL
12840,HOWRAH MAIL
12857,TAMRALIPTA EXP
12858,TAMRALIPTA EXP
12867,HWH PDY EXP
12868,PDY HOWRAH EXP
12884,RUPASIBANGLA EXP
13465,INTERCITY EXP
13466,INTERCITY EXP
15643,PURI KYQ EXPRESS
15644,KYQ PURI EXPRESS
15721,PAHARIA EXPRESS
15722,PAHARIA EXPRESS
15960,KAMRUP EXPRESS
18615,KRIYA YOGA EXP
18616,KRIYA YOGA EXP
22161,RAJYA RANI EXP
22162,RAJYA RANI EXP
12059,NZM JAN SHATABDI
12060,KOTA JANSHTBDI
12401,MAGADH EXPRESS
12402,MAGADH EXPRESS
12963,MEWAR EXPRESS
12964,MEWAR EXPRESS
12005,KALKA SHTBDI
12006,KALKA SHTBDI
12011,KALKA SHTBDI
12012,KALKA SHTBDI
12013,AMRITSAR SHTBDI
12014,AMRITSAR SHTBDI
12015,AJMER SHTBDI
12016,AJMER SHTBDI
12017,DEHRADUN SHTBDI
12018,DEHRADUN SHTBDI
12029,SWARNA SHTBDI
12030,SWARNA SHTBDI
12031,AMRITSAR SHTBDI
12032,AMRITSAR SHTBDI
12055,DDN JANSHTBDI
12056,NDLS JANSHATABDI
12425,JAMMU RAJDHANI
12426,JAMMU RAJDHANI
12445,UTTAR S KRANTI
12446,UTTAR S KRANTI
14315,INTERCITY EXP
14316,INTERCITY EXP
14323,NDLS ROK EXP
14324,ROK NDLS EXP
14681,NDLS JUC EXPRES
14682,JUC NDLS EXPRES
12037,NDLS LDH SHTBDI
12038,LDH NDLS SHTBDI
14041,MUSSOORIE EXP
14042,MUSSOORIE EXP
14645,SHALIMAR EXP
14646,SHALIMAR EXP
15035,UTR SAMPRK K EX
15036,UTR SAMPRK K EX
12983,AII CDG G RATH
12984,CDG AII G RATH
14011,DLI HSX EXP
14012,HSX DLI EXP
12053,HW ASR JNSHTBDI
12054,ASR HW JNSHTBDI
12207,JAMMU GARIB RATH
12208,KGM GARIB RATH
12527,RMR CDG SF EXP
12528,CDG RMR SF EXP
14525,SGNR INTERCITY
14526,UMB INTERCITY
14609,HEMKUNT EXP
14610,HEMKUNT EXP
14631,DDN ASR EXPRESS
14632,ASR DDN EXPRESS
14711,HW SGNR EXP
14712,SGNR HW  EXP
12241,CDG ASR SUP
12411,INTERCITY EXP
12412,INTERCITY EXP
52451,SHIVALK DLX EXP
52452,SHIVALK DLX EXP
52453,KALKA SIMLA EXP
52454,SML KLK EXPRESS
52455,HIMALYAN QUEEN
52456,HIMALYAN  QUEEN
12077,JAN SHATABDI
12078,JAN SHATABDI
12291,YPR CHENNAI EXP
12292,YESVANTPUR EXP
12603,HYDERABAD EXP
12604,CHENNAI EXP
12711,PINAKINI EXP
12712,PINAKINI EXP
12829,BHUBANESWAR EXP
12830,BBS CHENNAI EXP
12841,COROMANDAL EXP
12842,COROMANDEL EXP
16053,TIRUPATHI EXP
16054,MADRAS EXPRESS
16057,SAPTHAGIRI EXP
16058,SAPTAGIRI EXP
16203,TIRUPATHY EXP
16204,TPTY MAS EXPRESS
16779,TPTY RMM EXP
16780,RMM TPTY EXP
16854,CHENNAI EXPRESS
12265,DEE JAT DURONTO
12266,DURONTO EXPRESS
14035,DAULADHAR EXP
14036,DHAULADHAR EXP
12463,RAJSTHN S KRANTI
12464,RJSTHN S KRNTI
12195,AF AII INTERCITY
12196,AII AF INTERCITY
12467,LEELAN EXP
12468,LEELAN EXP
12981,CHETAK EXP
12982,CHETAK EXP
12991,UDZ JP EXP
12992,JP UDZ EXP
14119,KGM DDN EXPRESS
14120,DDN KGM EXPRESS
12513,SC GHY EXP
12514,GHY SC EXPRESS
12821,DHAULI EXP
12822,DHAULI EXP
12881,HWH PURI G RATH
12882,PURI HWH G RATH
12883,RUPASIBANGLA EXP
12885,ARANYAK EXPRESS
12886,ARANYAK EXPRESS
12887,HWH PURI EXPRESS
12888,PURI HWH EXPRES
12895,HWH PURI EXPRES
12896,PURI HWH EXPRESS
18409,SRIJAGANNATHEXP
18410,SRIJAGANNATH EXP
22835,SHM PURI SF EXP
22836,PURI SHM SF EXP
22853,SHM VSKP SF EXP
22854,VSKP SHM SF EXP
22855,SRC TPTY SF EXP
18415,BBN PURI EXP
18416,PURI KDJR EXP
13235,INTERCITY EXP
13236,INTERCITY EXP
13401,INTERCITY   EXP
13402,INTERCITY  EXP
13415,MLDT PNBE EXPRES
13416,PNBE MLDT EXPRES
13245,CAPITAL EXPRESS
13246,CAPITAL EXP
13248,KYQ CAPITAL EXP
15713,INTERCITY EXP
15714,INTERCITY EXP
13233,RAJGRIHA EXPRESS
13234,RAJGRIHA EXPRESS
12747,PALNADU EXP
12748,PALNADU EXP
12750,BIDR MTM SF EXP
12733,NARAYANADRI EXP
12734,NARAYANADRI EXP
12737,GOUTAMI EXP
12738,GOUTAMI EXP
12805,JANMABHOOMI EXP
12806,JANMABHOOMI EXP
17255,NS HYDRABAD EXP
17256,NARASAPUR EXP
12705,GNT SC EXP
12706,SC GNT EXP
12709,SIMHAPURI EXP
12710,SIMHAPURI EXP
12713,SATAVAHANA EXP
12714,SATAVAHANA EXP
12727,GODAVARI EXP
12728,GODAVARI EXP
12739,VSKP GARIB RATH
12740,VSKP GARIB RATH
12757,KAGHAZNAGAR  EXP
12758,KAGHAZNAGAR  EXP
12759,CHARMINAR EXP
12760,CHARMINAR EXP
12763,PADMAVATHI EXP
12764,PADMAVATI EXP
17015,VISAKHA EXPRESS
17016,VISAKHA EXP
17201,GOLCONDA EXP
17202,GOLCONDA EXP
17233,BHAGYANAGAR EXP
17234,BHAGYANAGAR EXP
12481,INTERCITY EXP
12482,INTERCITY EXP
14731,DLI FKA EXP
14732,FKA DLI EXP
12067,JAN SHATABDI EX
12068,JAN SHATABDI EX
15603,INTER CITY EXP
15604,INTERCITY  EXP
15611,GHY SCL EXPRESS
15612,SCL GHY EXPRESS
15665,B  G  EXPRESS
15666,B G EXPRESS
15669,NAGALAND EXPRESS
15670,NAGALAND EXPRESS
15927,RNY DBRG EXPRESS
15928,DBRG RNY EXPRESS
18517,KRBA VSKP EXP
18518,VSKP KRBA EXPRES
17481,BSP TPTY EXPRESS
17482,TPTY BSP EXP
18425,PURI DURG EXP
18426,DURG PURI EXP
12891,BGY  BBS EXPRESS
12892,BBS BPO EXPRESS
18413,PRDP PURI EXPRES
18414,PURI PRDP EXPRES
18451,TAPASWINI EXPRES
18452,TAPASWINI EXPRES
12893,BLGR  EXPRESS
12894,BBS EXPRESS
12897,PDY BBS EXPRESS
12898,BBS PDY EXPRESS
18303,SBP PURI INT EXP
18304,PURI SBP INT EXP
18447,HIRAKHAND EXP
18448,HIRAKHAND EXP
17643,CIRCAR EXP
17644,CIRCAR EXP
17479,PURI TPTY EXP
17480,TPTY PURI EXP
17487,TIRUMALA EXP
17488,TIRUMALA EXPRESS
12717,RATNACHALAM EXP
12718,RATNACHAL EXP
17239,SIMHADRI EXP
17240,SIMHADRI EXPRESS
16175,KARAIKAL EXP
16861,PDY CAPE EXPRESS
16862,PUDUCHERRY EXP
12605,PALLAVAN EXP
12606,PALLAVAN EXP
12631,NELLAI EXPRESS
12632,NELLAI EXPRESS
12633,KANYAKUMARI EXP
12634,KANYAKUMARI EXP
12667,NAGERCOIL EXP
12668,CHENNAI EXP
12693,PEARL CITY EXP
12694,PEARL CITY EXP
18107,ROU JDB EXPRESS
18108,JDB ROU EXPRESS
18301,SBP RGDA EXPRESS
18302,RGDA SBP EXPRESS
12797,VENKATADRI EXP
12798,VENKATADRI EXP
17003,HYB KOP EXPRESS
13163,HATE BAZARE EXP
13164,HATE BAZARE EXP
12455,DEE BKN SF EXP
12456,BKN DEE SF EXP
13409,MLDT JMP INTRCTY
13410,JMP MLDT INTRCTY
13103,BHAGIRATHI EXP
13104,BHAGIRATHI EXP
13141,TESTA TORSA EXP
13142,TESTA TORSA EXP
13109,MAITREE EXPRESS
13110,MAITREE EXPRESS
13113,HAZARDUARI EXP
13114,HAZARDUARI EXP
13117,KOAA LGL EXPRESS
13118,LGL KOAA EXPRESS
13145,RADHIKAPUR EXP
13146,RADHIKAPUR EXP
14703,JSM LGH EXP
14704,LGH JSM EXP
16115,MS PDY EXP
16116,CHENNAI EXP
19106,HW  ADI MAIL
52556,JOYRIDE STEAM
52545,KGN DJ NG TRAIN
